"DESCRIPTION","DURATION IN MS","NAME","PARENT SUITE","START TIME","STATUS","STOP TIME","SUB SUITE","SUITE","TEST CLASS","TEST METHOD"
"","2330","Validate Council Output [ErewashBoroughCouncil]","","Thu Jan 30 00:39:30 GMT 2025","passed","Thu Jan 30 00:39:33 GMT 2025","","","",""
"","300054","Validate Council Output [RushcliffeBoroughCouncil]","","Thu Jan 30 00:55:49 GMT 2025","failed","Thu Jan 30 01:00:49 GMT 2025","","","",""
"","1392","Validate Council Output [LondonBoroughLambeth]","","Thu Jan 30 00:46:38 GMT 2025","passed","Thu Jan 30 00:46:39 GMT 2025","","","",""
"","4589","Validate Council Output [FenlandDistrictCouncil]","","Thu Jan 30 00:41:36 GMT 2025","passed","Thu Jan 30 00:41:40 GMT 2025","","","",""
"","1705","Validate Council Output [SeftonCouncil]","","Thu Jan 30 01:00:53 GMT 2025","passed","Thu Jan 30 01:00:54 GMT 2025","","","",""
"","2003","Validate Council Output [WiltshireCouncil]","","Thu Jan 30 01:13:14 GMT 2025","passed","Thu Jan 30 01:13:16 GMT 2025","","","",""
"","22190","Validate Council Output [NeathPortTalbotCouncil]","","Thu Jan 30 00:54:11 GMT 2025","passed","Thu Jan 30 00:54:33 GMT 2025","","","",""
"","1988","Validate Council Output [RhonddaCynonTaffCouncil]","","Thu Jan 30 01:00:28 GMT 2025","passed","Thu Jan 30 01:00:30 GMT 2025","","","",""
"","1679","Validate Council Output [BracknellForestCouncil]","","Thu Jan 30 00:35:36 GMT 2025","passed","Thu Jan 30 00:35:38 GMT 2025","","","",""
"","12642","Validate Council Output [WindsorAndMaidenheadCouncil]","","Thu Jan 30 01:15:29 GMT 2025","passed","Thu Jan 30 01:15:41 GMT 2025","","","",""
"","53943","Validate Council Output [EnfieldCouncil]","","Thu Jan 30 00:54:33 GMT 2025","passed","Thu Jan 30 00:55:27 GMT 2025","","","",""
"","302416","Validate Council Output [AshfordBoroughCouncil]","","Thu Jan 30 00:30:34 GMT 2025","failed","Thu Jan 30 00:35:36 GMT 2025","","","",""
"","1663","Validate Council Output [OadbyAndWigstonBoroughCouncil]","","Thu Jan 30 00:54:03 GMT 2025","passed","Thu Jan 30 00:54:04 GMT 2025","","","",""
"","113500","Validate Council Output [EppingForestDistrictCouncil]","","Thu Jan 30 00:37:37 GMT 2025","passed","Thu Jan 30 00:39:30 GMT 2025","","","",""
"","1277","Validate Council Output [MalvernHillsDC]","","Thu Jan 30 00:52:33 GMT 2025","passed","Thu Jan 30 00:52:34 GMT 2025","","","",""
"","18245","Validate Council Output [BroxtoweBoroughCouncil]","","Thu Jan 30 00:20:18 GMT 2025","passed","Thu Jan 30 00:20:36 GMT 2025","","","",""
"","53111","Validate Council Output [HaltonBoroughCouncil]","","Thu Jan 30 00:52:25 GMT 2025","failed","Thu Jan 30 00:53:18 GMT 2025","","","",""
"","300077","Validate Council Output [CalderdaleCouncil]","","Thu Jan 30 00:25:46 GMT 2025","failed","Thu Jan 30 00:30:46 GMT 2025","","","",""
"","10212","Validate Council Output [WestSuffolkCouncil]","","Thu Jan 30 01:13:04 GMT 2025","passed","Thu Jan 30 01:13:14 GMT 2025","","","",""
"","33538","Validate Council Output [SevenoaksDistrictCouncil]","","Thu Jan 30 01:00:54 GMT 2025","passed","Thu Jan 30 01:01:28 GMT 2025","","","",""
"","759","Validate Council Output [MansfieldDistrictCouncil]","","Thu Jan 30 00:52:35 GMT 2025","passed","Thu Jan 30 00:52:36 GMT 2025","","","",""
"","1757","Validate Council Output [NorthYorkshire]","","Thu Jan 30 00:54:36 GMT 2025","passed","Thu Jan 30 00:54:38 GMT 2025","","","",""
"","58359","Validate Council Output [ThreeRiversDistrictCouncil]","","Thu Jan 30 01:11:58 GMT 2025","passed","Thu Jan 30 01:12:57 GMT 2025","","","",""
"","2800","Validate Council Output [FifeCouncil]","","Thu Jan 30 00:41:40 GMT 2025","passed","Thu Jan 30 00:41:43 GMT 2025","","","",""
"","1525","Validate Council Output [EastleighBoroughCouncil]","","Thu Jan 30 00:54:29 GMT 2025","passed","Thu Jan 30 00:54:30 GMT 2025","","","",""
"","300065","Validate Council Output [UttlesfordDistrictCouncil]","","Thu Jan 30 01:06:41 GMT 2025","failed","Thu Jan 30 01:11:41 GMT 2025","","","",""
"","285","Validate Council Output [GedlingBoroughCouncil]","","Thu Jan 30 00:46:19 GMT 2025","passed","Thu Jan 30 00:46:19 GMT 2025","","","",""
"","4167","Validate Council Output [NottinghamCityCouncil]","","Thu Jan 30 00:55:45 GMT 2025","passed","Thu Jan 30 00:55:49 GMT 2025","","","",""
"","134549","Validate Council Output [BradfordMDC]","","Thu Jan 30 00:35:38 GMT 2025","failed","Thu Jan 30 00:37:53 GMT 2025","","","",""
"","17046","Validate Council Output [BexleyCouncil]","","Thu Jan 30 00:20:13 GMT 2025","passed","Thu Jan 30 00:20:30 GMT 2025","","","",""
"","697","Validate Council Output [RochfordCouncil]","","Thu Jan 30 01:00:33 GMT 2025","passed","Thu Jan 30 01:00:33 GMT 2025","","","",""
"","18609","Validate Council Output [LondonBoroughHounslow]","","Thu Jan 30 00:46:19 GMT 2025","passed","Thu Jan 30 00:46:38 GMT 2025","","","",""
"","120488","Validate Council Output [EastDevonDC]","","Thu Jan 30 00:44:58 GMT 2025","failed","Thu Jan 30 00:46:58 GMT 2025","","","",""
"","1685","Validate Council Output [WatfordBoroughCouncil]","","Thu Jan 30 01:12:02 GMT 2025","passed","Thu Jan 30 01:12:03 GMT 2025","","","",""
"","345859","Validate Council Output [DacorumBoroughCouncil]","","Thu Jan 30 00:38:52 GMT 2025","failed","Thu Jan 30 00:44:38 GMT 2025","","","",""
"","1261","Validate Council Output [CoventryCityCouncil]","","Thu Jan 30 00:38:39 GMT 2025","passed","Thu Jan 30 00:38:41 GMT 2025","","","",""
"","307688","Validate Council Output [AshfieldDistrictCouncil]","","Thu Jan 30 00:25:26 GMT 2025","passed","Thu Jan 30 00:30:34 GMT 2025","","","",""
"","1151","Validate Council Output [NuneatonBedworthBoroughCouncil]","","Thu Jan 30 00:54:02 GMT 2025","passed","Thu Jan 30 00:54:03 GMT 2025","","","",""
"","132620","Validate Council Output [WinchesterCityCouncil]","","Thu Jan 30 01:13:16 GMT 2025","passed","Thu Jan 30 01:15:29 GMT 2025","","","",""
"","879","Validate Council Output [LondonBoroughHavering]","","Thu Jan 30 00:46:19 GMT 2025","passed","Thu Jan 30 00:46:19 GMT 2025","","","",""
"","2474","Validate Council Output [CheshireEastCouncil]","","Thu Jan 30 00:37:34 GMT 2025","passed","Thu Jan 30 00:37:37 GMT 2025","","","",""
"","1124","Validate Council Output [SouthNorfolkCouncil]","","Thu Jan 30 01:00:43 GMT 2025","passed","Thu Jan 30 01:00:45 GMT 2025","","","",""
"","390017","Validate Council Output [ChelmsfordCityCouncil]","","Thu Jan 30 00:31:04 GMT 2025","passed","Thu Jan 30 00:37:34 GMT 2025","","","",""
"","924","Validate Council Output [NewhamCouncil]","","Thu Jan 30 00:55:54 GMT 2025","passed","Thu Jan 30 00:55:55 GMT 2025","","","",""
"","300063","Validate Council Output [StHelensBC]","","Thu Jan 30 01:01:28 GMT 2025","failed","Thu Jan 30 01:06:28 GMT 2025","","","",""
"","1874","Validate Council Output [SouthCambridgeshireCouncil]","","Thu Jan 30 01:01:20 GMT 2025","passed","Thu Jan 30 01:01:22 GMT 2025","","","",""
"","473325","Validate Council Output [TeignbridgeCouncil]","","Thu Jan 30 01:04:05 GMT 2025","failed","Thu Jan 30 01:11:58 GMT 2025","","","",""
"","1204","Validate Council Output [DoncasterCouncil]","","Thu Jan 30 00:44:35 GMT 2025","passed","Thu Jan 30 00:44:36 GMT 2025","","","",""
"","3081","Validate Council Output [RotherDistrictCouncil]","","Thu Jan 30 01:00:33 GMT 2025","passed","Thu Jan 30 01:00:36 GMT 2025","","","",""
"","2491","Validate Council Output [KirkleesCouncil]","","Thu Jan 30 00:47:24 GMT 2025","passed","Thu Jan 30 00:47:27 GMT 2025","","","",""
"","3201","Validate Council Output [WiganBoroughCouncil]","","Thu Jan 30 01:15:24 GMT 2025","passed","Thu Jan 30 01:15:28 GMT 2025","","","",""
"","6705","Validate Council Output [ThanetDistrictCouncil]","","Thu Jan 30 01:11:53 GMT 2025","passed","Thu Jan 30 01:12:00 GMT 2025","","","",""
"","1780","Validate Council Output [SouthStaffordshireDistrictCouncil]","","Thu Jan 30 01:00:51 GMT 2025","passed","Thu Jan 30 01:00:53 GMT 2025","","","",""
"","136547","Validate Council Output [TamesideMBCouncil]","","Thu Jan 30 01:01:45 GMT 2025","failed","Thu Jan 30 01:04:01 GMT 2025","","","",""
"","7697","Validate Council Output [SurreyHeathBoroughCouncil]","","Thu Jan 30 01:01:31 GMT 2025","passed","Thu Jan 30 01:01:39 GMT 2025","","","",""
"","80424","Validate Council Output [LondonBoroughOfRichmondUponThames]","","Thu Jan 30 00:44:43 GMT 2025","passed","Thu Jan 30 00:46:03 GMT 2025","","","",""
"","979","Validate Council Output [RoyalBoroughofGreenwich]","","Thu Jan 30 01:00:39 GMT 2025","passed","Thu Jan 30 01:00:40 GMT 2025","","","",""
"","1999","Validate Council Output [StratfordUponAvonCouncil]","","Thu Jan 30 01:01:07 GMT 2025","passed","Thu Jan 30 01:01:09 GMT 2025","","","",""
"","1104","Validate Council Output [HuntingdonDistrictCouncil]","","Thu Jan 30 00:46:50 GMT 2025","passed","Thu Jan 30 00:46:52 GMT 2025","","","",""
"","1416","Validate Council Output [StAlbansCityAndDistrictCouncil]","","Thu Jan 30 01:01:02 GMT 2025","passed","Thu Jan 30 01:01:04 GMT 2025","","","",""
"","1087","Validate Council Output [SwanseaCouncil]","","Thu Jan 30 01:01:38 GMT 2025","passed","Thu Jan 30 01:01:39 GMT 2025","","","",""
"","300011","Validate Council Output [GuildfordCouncil]","","Thu Jan 30 00:47:19 GMT 2025","failed","Thu Jan 30 00:52:19 GMT 2025","","","",""
"","3749","Validate Council Output [NewportCityCouncil]","","Thu Jan 30 00:55:55 GMT 2025","passed","Thu Jan 30 00:55:59 GMT 2025","","","",""
"","25676","Validate Council Output [EastSuffolkCouncil]","","Thu Jan 30 00:54:03 GMT 2025","passed","Thu Jan 30 00:54:29 GMT 2025","","","",""
"","5114","Validate Council Output [ArgyllandButeCouncil]","","Thu Jan 30 00:20:14 GMT 2025","failed","Thu Jan 30 00:20:19 GMT 2025","","","",""
"","1247","Validate Council Output [ManchesterCityCouncil]","","Thu Jan 30 00:52:34 GMT 2025","passed","Thu Jan 30 00:52:35 GMT 2025","","","",""
"","2382","Validate Council Output [BroxbourneCouncil]","","Thu Jan 30 00:20:16 GMT 2025","passed","Thu Jan 30 00:20:18 GMT 2025","","","",""
"","11008","Validate Council Output [TestValleyBoroughCouncil]","","Thu Jan 30 01:11:42 GMT 2025","passed","Thu Jan 30 01:11:53 GMT 2025","","","",""
"","5058","Validate Council Output [CumberlandAllerdaleCouncil]","","Thu Jan 30 00:38:47 GMT 2025","passed","Thu Jan 30 00:38:52 GMT 2025","","","",""
"","126","Validate Council Output [NorthKestevenDistrictCouncil]","","Thu Jan 30 00:53:49 GMT 2025","failed","Thu Jan 30 00:53:49 GMT 2025","","","",""
"","2454","Validate Council Output [ElmbridgeBoroughCouncil]","","Thu Jan 30 00:54:30 GMT 2025","passed","Thu Jan 30 00:54:33 GMT 2025","","","",""
"","300088","Validate Council Output [StaffordshireMoorlandsDistrictCouncil]","","Thu Jan 30 01:06:30 GMT 2025","failed","Thu Jan 30 01:11:30 GMT 2025","","","",""
"","9731","Validate Council Output [FlintshireCountyCouncil]","","Thu Jan 30 00:41:43 GMT 2025","passed","Thu Jan 30 00:41:53 GMT 2025","","","",""
"","2657","Validate Council Output [DundeeCityCouncil]","","Thu Jan 30 00:44:49 GMT 2025","passed","Thu Jan 30 00:44:52 GMT 2025","","","",""
"","936","Validate Council Output [NorthLanarkshireCouncil]","","Thu Jan 30 00:53:49 GMT 2025","passed","Thu Jan 30 00:53:50 GMT 2025","","","",""
"","96012","Validate Council Output [WalthamForest]","","Thu Jan 30 01:12:37 GMT 2025","failed","Thu Jan 30 01:14:13 GMT 2025","","","",""
"","1321","Validate Council Output [LichfieldDistrictCouncil]","","Thu Jan 30 00:53:28 GMT 2025","passed","Thu Jan 30 00:53:29 GMT 2025","","","",""
"","1767","Validate Council Output [NorthAyrshireCouncil]","","Thu Jan 30 00:55:59 GMT 2025","passed","Thu Jan 30 00:56:00 GMT 2025","","","",""
"","3867","Validate Council Output [RugbyBoroughCouncil]","","Thu Jan 30 01:00:40 GMT 2025","passed","Thu Jan 30 01:00:43 GMT 2025","","","",""
"","3931","Validate Council Output [StroudDistrictCouncil]","","Thu Jan 30 01:01:09 GMT 2025","passed","Thu Jan 30 01:01:13 GMT 2025","","","",""
"","572","Validate Council Output [WolverhamptonCityCouncil]","","Thu Jan 30 01:15:33 GMT 2025","passed","Thu Jan 30 01:15:33 GMT 2025","","","",""
"","2836","Validate Council Output [DorsetCouncil]","","Thu Jan 30 00:44:36 GMT 2025","passed","Thu Jan 30 00:44:39 GMT 2025","","","",""
"","819","Validate Council Output [BCPCouncil]","","Thu Jan 30 00:35:40 GMT 2025","passed","Thu Jan 30 00:35:41 GMT 2025","","","",""
"","2135","Validate Council Output [HullCityCouncil]","","Thu Jan 30 00:46:48 GMT 2025","passed","Thu Jan 30 00:46:50 GMT 2025","","","",""
"","9540","Validate Council Output [OxfordCityCouncil]","","Thu Jan 30 00:54:08 GMT 2025","passed","Thu Jan 30 00:54:18 GMT 2025","","","",""
"","2590","Validate Council Output [DurhamCouncil]","","Thu Jan 30 00:44:52 GMT 2025","passed","Thu Jan 30 00:44:55 GMT 2025","","","",""
"","185386","Validate Council Output [CotswoldDistrictCouncil]","","Thu Jan 30 00:35:34 GMT 2025","failed","Thu Jan 30 00:38:39 GMT 2025","","","",""
"","1079","Validate Council Output [WarringtonBoroughCouncil]","","Thu Jan 30 01:12:50 GMT 2025","passed","Thu Jan 30 01:12:51 GMT 2025","","","",""
"","2630","Validate Council Output [RedditchBoroughCouncil]","","Thu Jan 30 01:00:51 GMT 2025","passed","Thu Jan 30 01:00:53 GMT 2025","","","",""
"","2938","Validate Council Output [BlabyDistrictCouncil]","","Thu Jan 30 00:20:33 GMT 2025","passed","Thu Jan 30 00:20:36 GMT 2025","","","",""
"","679","Validate Council Output [MoleValleyDistrictCouncil]","","Thu Jan 30 00:54:02 GMT 2025","passed","Thu Jan 30 00:54:02 GMT 2025","","","",""
"","902","Validate Council Output [BasildonCouncil]","","Thu Jan 30 00:39:27 GMT 2025","passed","Thu Jan 30 00:39:28 GMT 2025","","","",""
"","3812","Validate Council Output [TorbayCouncil]","","Thu Jan 30 01:12:58 GMT 2025","passed","Thu Jan 30 01:13:02 GMT 2025","","","",""
"","8710","Validate Council Output [NorthNorfolkDistrictCouncil]","","Thu Jan 30 00:53:59 GMT 2025","passed","Thu Jan 30 00:54:07 GMT 2025","","","",""
"","5875","Validate Council Output [StevenageBoroughCouncil]","","Thu Jan 30 01:01:23 GMT 2025","passed","Thu Jan 30 01:01:28 GMT 2025","","","",""
"","87933","Validate Council Output [WestLothianCouncil]","","Thu Jan 30 01:12:52 GMT 2025","passed","Thu Jan 30 01:14:20 GMT 2025","","","",""
"","1671","Validate Council Output [MidlothianCouncil]","","Thu Jan 30 00:54:00 GMT 2025","passed","Thu Jan 30 00:54:02 GMT 2025","","","",""
"","2339","Validate Council Output [NorwichCityCouncil]","","Thu Jan 30 00:54:38 GMT 2025","passed","Thu Jan 30 00:54:40 GMT 2025","","","",""
"","300067","Validate Council Output [KnowsleyMBCouncil]","","Thu Jan 30 00:47:27 GMT 2025","failed","Thu Jan 30 00:52:27 GMT 2025","","","",""
"","1405","Validate Council Output [WalsallCouncil]","","Thu Jan 30 01:12:35 GMT 2025","failed","Thu Jan 30 01:12:37 GMT 2025","","","",""
"","1096","Validate Council Output [EastCambridgeshireCouncil]","","Thu Jan 30 00:44:57 GMT 2025","passed","Thu Jan 30 00:44:58 GMT 2025","","","",""
"","302575","Validate Council Output [LondonBoroughRedbridge]","","Thu Jan 30 00:47:18 GMT 2025","failed","Thu Jan 30 00:52:20 GMT 2025","","","",""
"","3212","Validate Council Output [TandridgeDistrictCouncil]","","Thu Jan 30 01:04:02 GMT 2025","passed","Thu Jan 30 01:04:05 GMT 2025","","","",""
"","2268","Validate Council Output [RotherhamCouncil]","","Thu Jan 30 01:00:36 GMT 2025","passed","Thu Jan 30 01:00:39 GMT 2025","","","",""
"","38004","Validate Council Output [LondonBoroughLewisham]","","Thu Jan 30 00:46:40 GMT 2025","passed","Thu Jan 30 00:47:18 GMT 2025","","","",""
"","1846","Validate Council Output [MorayCouncil]","","Thu Jan 30 00:54:09 GMT 2025","passed","Thu Jan 30 00:54:11 GMT 2025","","","",""
"","902","Validate Council Output [BarnsleyMBCouncil]","","Thu Jan 30 00:39:26 GMT 2025","passed","Thu Jan 30 00:39:27 GMT 2025","","","",""
"","3242","Validate Council Output [WokingBoroughCouncil]","","Thu Jan 30 01:14:17 GMT 2025","passed","Thu Jan 30 01:14:21 GMT 2025","","","",""
"","3461","Validate Council Output [DudleyCouncil]","","Thu Jan 30 00:44:46 GMT 2025","passed","Thu Jan 30 00:44:49 GMT 2025","","","",""
"","693","Validate Council Output [YorkCouncil]","","Thu Jan 30 01:15:28 GMT 2025","passed","Thu Jan 30 01:15:28 GMT 2025","","","",""
"","18245","Validate Council Output [GatesheadCouncil]","","Thu Jan 30 00:46:01 GMT 2025","passed","Thu Jan 30 00:46:19 GMT 2025","","","",""
"","6441","Validate Council Output [CardiffCouncil]","","Thu Jan 30 00:30:53 GMT 2025","passed","Thu Jan 30 00:31:00 GMT 2025","","","",""
"","142344","Validate Council Output [WestOxfordshireDistrictCouncil]","","Thu Jan 30 01:13:02 GMT 2025","failed","Thu Jan 30 01:15:24 GMT 2025","","","",""
"","6318","Validate Council Output [ShropshireCouncil]","","Thu Jan 30 01:01:31 GMT 2025","passed","Thu Jan 30 01:01:37 GMT 2025","","","",""
"","3149","Validate Council Output [BirminghamCityCouncil]","","Thu Jan 30 00:20:30 GMT 2025","passed","Thu Jan 30 00:20:33 GMT 2025","","","",""
"","2654","Validate Council Output [SheffieldCityCouncil]","","Thu Jan 30 01:01:28 GMT 2025","passed","Thu Jan 30 01:01:31 GMT 2025","","","",""
"","1610","Validate Council Output [WelhatCouncil]","","Thu Jan 30 01:12:10 GMT 2025","passed","Thu Jan 30 01:12:12 GMT 2025","","","",""
"","2157","Validate Council Output [RochdaleCouncil]","","Thu Jan 30 01:00:30 GMT 2025","passed","Thu Jan 30 01:00:32 GMT 2025","","","",""
"","590183","Validate Council Output [ChorleyCouncil]","","Thu Jan 30 00:20:20 GMT 2025","passed","Thu Jan 30 00:30:10 GMT 2025","","","",""
"","300012","Validate Council Output [BlackburnCouncil]","","Thu Jan 30 00:20:36 GMT 2025","failed","Thu Jan 30 00:25:36 GMT 2025","","","",""
"","5094","Validate Council Output [BedfordBoroughCouncil]","","Thu Jan 30 00:20:02 GMT 2025","passed","Thu Jan 30 00:20:07 GMT 2025","","","",""
"","1663","Validate Council Output [HarboroughDistrictCouncil]","","Thu Jan 30 00:53:18 GMT 2025","passed","Thu Jan 30 00:53:19 GMT 2025","","","",""
"","3621","Validate Council Output [CroydonCouncil]","","Thu Jan 30 00:38:42 GMT 2025","passed","Thu Jan 30 00:38:45 GMT 2025","","","",""
"","5423","Validate Council Output [NorthHertfordshireDistrictCouncil]","","Thu Jan 30 00:53:43 GMT 2025","passed","Thu Jan 30 00:53:49 GMT 2025","","","",""
"","4208","Validate Council Output [NorthEastLincs]","","Thu Jan 30 00:53:39 GMT 2025","passed","Thu Jan 30 00:53:43 GMT 2025","","","",""
"","13","Validate Council Output [ThurrockCouncil]","","Thu Jan 30 01:12:57 GMT 2025","passed","Thu Jan 30 01:12:57 GMT 2025","","","",""
"","29318","Validate Council Output [ReigateAndBansteadBoroughCouncil]","","Thu Jan 30 01:00:53 GMT 2025","failed","Thu Jan 30 01:01:22 GMT 2025","","","",""
"","1600","Validate Council Output [EnvironmentFirst]","","Thu Jan 30 00:55:27 GMT 2025","passed","Thu Jan 30 00:55:28 GMT 2025","","","",""
"","55252","Validate Council Output [WakefieldCityCouncil]","","Thu Jan 30 01:11:46 GMT 2025","passed","Thu Jan 30 01:12:41 GMT 2025","","","",""
"","2041","Validate Council Output [NorthTynesideCouncil]","","Thu Jan 30 00:54:10 GMT 2025","passed","Thu Jan 30 00:54:12 GMT 2025","","","",""
"","497","Validate Council Output [ReadingBoroughCouncil]","","Thu Jan 30 01:00:50 GMT 2025","passed","Thu Jan 30 01:00:51 GMT 2025","","","",""
"","300022","Validate Council Output [ArunCouncil]","","Thu Jan 30 00:20:26 GMT 2025","failed","Thu Jan 30 00:25:26 GMT 2025","","","",""
"","1718","Validate Council Output [MertonCouncil]","","Thu Jan 30 00:52:37 GMT 2025","passed","Thu Jan 30 00:52:38 GMT 2025","","","",""
"","6312","Validate Council Output [SouthwarkCouncil]","","Thu Jan 30 01:00:56 GMT 2025","passed","Thu Jan 30 01:01:02 GMT 2025","","","",""
"","1602","Validate Council Output [CarmarthenshireCountyCouncil]","","Thu Jan 30 00:31:00 GMT 2025","passed","Thu Jan 30 00:31:02 GMT 2025","","","",""
"","225756","Validate Council Output [BarnetCouncil]","","Thu Jan 30 00:35:41 GMT 2025","passed","Thu Jan 30 00:39:26 GMT 2025","","","",""
"","2046","Validate Council Output [BristolCityCouncil]","","Thu Jan 30 00:39:38 GMT 2025","passed","Thu Jan 30 00:39:40 GMT 2025","","","",""
"","6818","Validate Council Output [DoverDistrictCouncil]","","Thu Jan 30 00:44:39 GMT 2025","passed","Thu Jan 30 00:44:46 GMT 2025","","","",""
"","726","Validate Council Output [SouthGloucestershireCouncil]","","Thu Jan 30 01:01:24 GMT 2025","passed","Thu Jan 30 01:01:25 GMT 2025","","","",""
"","1004","Validate Council Output [LisburnCastlereaghCityCouncil]","","Thu Jan 30 00:53:37 GMT 2025","passed","Thu Jan 30 00:53:38 GMT 2025","","","",""
"","29057","Validate Council Output [KingstonUponThamesCouncil]","","Thu Jan 30 00:46:55 GMT 2025","passed","Thu Jan 30 00:47:24 GMT 2025","","","",""
"","300060","Validate Council Output [BlaenauGwentCountyBoroughCouncil]","","Thu Jan 30 00:25:36 GMT 2025","failed","Thu Jan 30 00:30:36 GMT 2025","","","",""
"","5901","Validate Council Output [TorridgeDistrictCouncil]","","Thu Jan 30 01:06:32 GMT 2025","passed","Thu Jan 30 01:06:38 GMT 2025","","","",""
"","1646","Validate Council Output [SouthAyrshireCouncil]","","Thu Jan 30 01:01:19 GMT 2025","passed","Thu Jan 30 01:01:20 GMT 2025","","","",""
"","2196","Validate Council Output [WestLancashireBoroughCouncil]","","Thu Jan 30 01:14:13 GMT 2025","passed","Thu Jan 30 01:14:15 GMT 2025","","","",""
"","1467","Validate Council Output [EastAyrshireCouncil]","","Thu Jan 30 00:44:55 GMT 2025","passed","Thu Jan 30 00:44:57 GMT 2025","","","",""
"","300060","Validate Council Output [HertsmereBoroughCouncil]","","Thu Jan 30 00:39:42 GMT 2025","failed","Thu Jan 30 00:44:43 GMT 2025","","","",""
"","234908","Validate Council Output [ForestOfDeanDistrictCouncil]","","Thu Jan 30 00:42:06 GMT 2025","failed","Thu Jan 30 00:46:01 GMT 2025","","","",""
"","15001","Validate Council Output [BraintreeDistrictCouncil]","","Thu Jan 30 00:37:53 GMT 2025","passed","Thu Jan 30 00:38:08 GMT 2025","","","",""
"","9687","Validate Council Output [ChichesterDistrictCouncil]","","Thu Jan 30 00:20:10 GMT 2025","passed","Thu Jan 30 00:20:20 GMT 2025","","","",""
"","2607","Validate Council Output [HinckleyandBosworthBoroughCouncil]","","Thu Jan 30 00:46:12 GMT 2025","passed","Thu Jan 30 00:46:15 GMT 2025","","","",""
"","74697","Validate Council Output [MidAndEastAntrimBoroughCouncil]","","Thu Jan 30 00:52:38 GMT 2025","passed","Thu Jan 30 00:53:53 GMT 2025","","","",""
"","300070","Validate Council Output [PrestonCityCouncil]","","Thu Jan 30 00:55:50 GMT 2025","failed","Thu Jan 30 01:00:50 GMT 2025","","","",""
"","612","Validate Council Output [LondonBoroughEaling]","","Thu Jan 30 00:53:38 GMT 2025","passed","Thu Jan 30 00:53:39 GMT 2025","","","",""
"","6809","Validate Council Output [MidDevonCouncil]","","Thu Jan 30 00:53:53 GMT 2025","passed","Thu Jan 30 00:54:00 GMT 2025","","","",""
"","8921","Validate Council Output [NorthLincolnshireCouncil]","","Thu Jan 30 00:53:50 GMT 2025","passed","Thu Jan 30 00:53:59 GMT 2025","","","",""
"","300050","Validate Council Output [TendringDistrictCouncil]","","Thu Jan 30 01:06:42 GMT 2025","failed","Thu Jan 30 01:11:42 GMT 2025","","","",""
"","863","Validate Council Output [NorthNorthamptonshireCouncil]","","Thu Jan 30 00:54:07 GMT 2025","passed","Thu Jan 30 00:54:08 GMT 2025","","","",""
"","49882","Validate Council Output [WestBerkshireCouncil]","","Thu Jan 30 01:12:12 GMT 2025","passed","Thu Jan 30 01:13:02 GMT 2025","","","",""
"","1696","Validate Council Output [DerbyCityCouncil]","","Thu Jan 30 00:39:33 GMT 2025","passed","Thu Jan 30 00:39:35 GMT 2025","","","",""
"","5497","Validate Council Output [SwindonBoroughCouncil]","","Thu Jan 30 01:01:39 GMT 2025","passed","Thu Jan 30 01:01:45 GMT 2025","","","",""
"","10","Validate Council Output [MidSuffolkDistrictCouncil]","","Thu Jan 30 00:53:25 GMT 2025","passed","Thu Jan 30 00:53:25 GMT 2025","","","",""
"","640","Validate Council Output [MedwayCouncil]","","Thu Jan 30 00:52:36 GMT 2025","passed","Thu Jan 30 00:52:37 GMT 2025","","","",""
"","6762","Validate Council Output [MonmouthshireCountyCouncil]","","Thu Jan 30 00:54:02 GMT 2025","passed","Thu Jan 30 00:54:09 GMT 2025","","","",""
"","1842","Validate Council Output [ValeofGlamorganCouncil]","","Thu Jan 30 01:11:41 GMT 2025","passed","Thu Jan 30 01:11:42 GMT 2025","","","",""
"","12835","Validate Council Output [FolkstoneandHytheDistrictCouncil]","","Thu Jan 30 00:41:53 GMT 2025","passed","Thu Jan 30 00:42:06 GMT 2025","","","",""
"","2363","Validate Council Output [HartlepoolBoroughCouncil]","","Thu Jan 30 00:39:40 GMT 2025","passed","Thu Jan 30 00:39:42 GMT 2025","","","",""
"","1216","Validate Council Output [IslingtonCouncil]","","Thu Jan 30 00:46:52 GMT 2025","failed","Thu Jan 30 00:46:53 GMT 2025","","","",""
"","6321","Validate Council Output [ArmaghBanbridgeCraigavonCouncil]","","Thu Jan 30 00:20:20 GMT 2025","passed","Thu Jan 30 00:20:26 GMT 2025","","","",""
"","800","Validate Council Output [SouthLanarkshireCouncil]","","Thu Jan 30 01:06:32 GMT 2025","passed","Thu Jan 30 01:06:32 GMT 2025","","","",""
"","300074","Validate Council Output [BuckinghamshireCouncil]","","Thu Jan 30 00:20:36 GMT 2025","failed","Thu Jan 30 00:25:37 GMT 2025","","","",""
"","3238","Validate Council Output [ValeofWhiteHorseCouncil]","","Thu Jan 30 01:11:42 GMT 2025","passed","Thu Jan 30 01:11:46 GMT 2025","","","",""
"","809","Validate Council Output [AntrimAndNewtonabbeyCouncil]","","Thu Jan 30 00:20:09 GMT 2025","passed","Thu Jan 30 00:20:10 GMT 2025","","","",""
"","77996","Validate Council Output [BrightonandHoveCityCouncil]","","Thu Jan 30 00:38:20 GMT 2025","passed","Thu Jan 30 00:39:38 GMT 2025","","","",""
"","61025","Validate Council Output [PowysCouncil]","","Thu Jan 30 00:54:49 GMT 2025","passed","Thu Jan 30 00:55:50 GMT 2025","","","",""
"","355","Validate Council Output [WestNorthamptonshireCouncil]","","Thu Jan 30 01:13:02 GMT 2025","passed","Thu Jan 30 01:13:02 GMT 2025","","","",""
"","2424","Validate Council Output [WorcesterCityCouncil]","","Thu Jan 30 01:14:21 GMT 2025","passed","Thu Jan 30 01:14:24 GMT 2025","","","",""
"","1246","Validate Council Output [PlymouthCouncil]","","Thu Jan 30 00:54:20 GMT 2025","passed","Thu Jan 30 00:54:21 GMT 2025","","","",""
"","5896","Validate Council Output [CheshireWestAndChesterCouncil]","","Thu Jan 30 00:20:02 GMT 2025","passed","Thu Jan 30 00:20:07 GMT 2025","","","",""
"","2525","Validate Council Output [AberdeenshireCouncil]","","Thu Jan 30 00:20:02 GMT 2025","passed","Thu Jan 30 00:20:04 GMT 2025","","","",""
"","1822","Validate Council Output [SouthDerbyshireDistrictCouncil]","","Thu Jan 30 01:01:22 GMT 2025","passed","Thu Jan 30 01:01:24 GMT 2025","","","",""
"","11113","Validate Council Output [BrentCouncil]","","Thu Jan 30 00:38:09 GMT 2025","passed","Thu Jan 30 00:38:20 GMT 2025","","","",""
"","1790","Validate Council Output [WarwickDistrictCouncil]","","Thu Jan 30 01:12:00 GMT 2025","passed","Thu Jan 30 01:12:02 GMT 2025","","","",""
"","804","Validate Council Output [RushmoorCouncil]","","Thu Jan 30 01:00:49 GMT 2025","passed","Thu Jan 30 01:00:50 GMT 2025","","","",""
"","2327","Validate Council Output [HaringeyCouncil]","","Thu Jan 30 00:53:19 GMT 2025","passed","Thu Jan 30 00:53:22 GMT 2025","","","",""
"","3693","Validate Council Output [SouthRibbleCouncil]","","Thu Jan 30 01:00:47 GMT 2025","passed","Thu Jan 30 01:00:51 GMT 2025","","","",""
"","816","Validate Council Output [FarehamBoroughCouncil]","","Thu Jan 30 00:41:35 GMT 2025","passed","Thu Jan 30 00:41:36 GMT 2025","","","",""
"","9315","Validate Council Output [SomersetCouncil]","","Thu Jan 30 01:01:09 GMT 2025","passed","Thu Jan 30 01:01:19 GMT 2025","","","",""
"","2598","Validate Council Output [WirralCouncil]","","Thu Jan 30 01:14:15 GMT 2025","passed","Thu Jan 30 01:14:17 GMT 2025","","","",""
"","1534","Validate Council Output [SolihullCouncil]","","Thu Jan 30 01:01:37 GMT 2025","passed","Thu Jan 30 01:01:38 GMT 2025","","","",""
"","3655","Validate Council Output [BelfastCityCouncil]","","Thu Jan 30 00:20:09 GMT 2025","passed","Thu Jan 30 00:20:13 GMT 2025","","","",""
"","857","Validate Council Output [BathAndNorthEastSomersetCouncil]","","Thu Jan 30 00:20:02 GMT 2025","passed","Thu Jan 30 00:20:02 GMT 2025","","","",""
"","44729","Validate Council Output [GloucesterCityCouncil]","","Thu Jan 30 00:46:21 GMT 2025","failed","Thu Jan 30 00:47:06 GMT 2025","","","",""
"","24455","Validate Council Output [NorthWestLeicestershire]","","Thu Jan 30 00:54:12 GMT 2025","passed","Thu Jan 30 00:54:36 GMT 2025","","","",""
"","3365","Validate Council Output [StokeOnTrentCityCouncil]","","Thu Jan 30 01:01:04 GMT 2025","passed","Thu Jan 30 01:01:07 GMT 2025","","","",""
"","18313","Validate Council Output [SunderlandCityCouncil]","","Thu Jan 30 01:01:13 GMT 2025","passed","Thu Jan 30 01:01:31 GMT 2025","","","",""
"","304138","Validate Council Output [SouthKestevenDistrictCouncil]","","Thu Jan 30 01:01:27 GMT 2025","failed","Thu Jan 30 01:06:31 GMT 2025","","","",""
"","7369","Validate Council Output [NewcastleCityCouncil]","","Thu Jan 30 00:55:42 GMT 2025","passed","Thu Jan 30 00:55:49 GMT 2025","","","",""
"","1781","Validate Council Output [WestDunbartonshireCouncil]","","Thu Jan 30 01:13:02 GMT 2025","passed","Thu Jan 30 01:13:04 GMT 2025","","","",""
"","1475","Validate Council Output [StockportBoroughCouncil]","","Thu Jan 30 01:11:30 GMT 2025","passed","Thu Jan 30 01:11:32 GMT 2025","","","",""
"","951","Validate Council Output [HartDistrictCouncil]","","Thu Jan 30 00:53:24 GMT 2025","passed","Thu Jan 30 00:53:25 GMT 2025","","","",""
"","9","Validate Council Output [EdinburghCityCouncil]","","Thu Jan 30 00:54:30 GMT 2025","passed","Thu Jan 30 00:54:30 GMT 2025","","","",""
"","904","Validate Council Output [CopelandBoroughCouncil]","","Thu Jan 30 00:35:32 GMT 2025","failed","Thu Jan 30 00:35:33 GMT 2025","","","",""
"","67625","Validate Council Output [NewForestCouncil]","","Thu Jan 30 00:54:33 GMT 2025","passed","Thu Jan 30 00:55:41 GMT 2025","","","",""
"","2952","Validate Council Output [TelfordAndWrekinCouncil]","","Thu Jan 30 01:06:39 GMT 2025","passed","Thu Jan 30 01:06:42 GMT 2025","","","",""
"","3926","Validate Council Output [OldhamCouncil]","","Thu Jan 30 00:54:04 GMT 2025","passed","Thu Jan 30 00:54:08 GMT 2025","","","",""
"","2748","Validate Council Output [SouthOxfordshireCouncil]","","Thu Jan 30 01:00:45 GMT 2025","passed","Thu Jan 30 01:00:47 GMT 2025","","","",""
"","66628","Validate Council Output [EastRenfrewshireCouncil]","","Thu Jan 30 00:52:30 GMT 2025","passed","Thu Jan 30 00:53:36 GMT 2025","","","",""
"","300067","Validate Council Output [DerbyshireDalesDistrictCouncil]","","Thu Jan 30 00:39:35 GMT 2025","failed","Thu Jan 30 00:44:35 GMT 2025","","","",""
"","30855","Validate Council Output [EastHertsCouncil]","","Thu Jan 30 00:46:59 GMT 2025","passed","Thu Jan 30 00:47:29 GMT 2025","","","",""
"","2653","Validate Council Output [GwyneddCouncil]","","Thu Jan 30 00:52:19 GMT 2025","passed","Thu Jan 30 00:52:22 GMT 2025","","","",""
"","15282","Validate Council Output [LondonBoroughHarrow]","","Thu Jan 30 00:46:03 GMT 2025","passed","Thu Jan 30 00:46:19 GMT 2025","","","",""
"","4650","Validate Council Output [ArdsAndNorthDownCouncil]","","Thu Jan 30 00:20:10 GMT 2025","passed","Thu Jan 30 00:20:14 GMT 2025","","","",""
"","33314","Validate Council Output [HounslowCouncil]","","Thu Jan 30 00:46:15 GMT 2025","passed","Thu Jan 30 00:46:48 GMT 2025","","","",""
"","1676","Validate Council Output [SandwellBoroughCouncil]","","Thu Jan 30 01:00:51 GMT 2025","passed","Thu Jan 30 01:00:53 GMT 2025","","","",""
"","1621","Validate Council Output [LutonBoroughCouncil]","","Thu Jan 30 00:52:30 GMT 2025","passed","Thu Jan 30 00:52:32 GMT 2025","","","",""
"","75557","Validate Council Output [WychavonDistrictCouncil]","","Thu Jan 30 01:14:24 GMT 2025","passed","Thu Jan 30 01:15:39 GMT 2025","","","",""
"","1997","Validate Council Output [CharnwoodBoroughCouncil]","","Thu Jan 30 00:31:02 GMT 2025","passed","Thu Jan 30 00:31:04 GMT 2025","","","",""
"","2714","Validate Council Output [ChesterfieldBoroughCouncil]","","Thu Jan 30 00:20:07 GMT 2025","passed","Thu Jan 30 00:20:10 GMT 2025","","","",""
"","300081","Validate Council Output [RenfrewshireCouncil]","","Thu Jan 30 00:55:28 GMT 2025","failed","Thu Jan 30 01:00:28 GMT 2025","","","",""
"","64424","Validate Council Output [NorthumberlandCouncil]","","Thu Jan 30 00:54:40 GMT 2025","passed","Thu Jan 30 00:55:45 GMT 2025","","","",""
"","5144","Validate Council Output [NewcastleUnderLymeCouncil]","","Thu Jan 30 00:55:49 GMT 2025","passed","Thu Jan 30 00:55:54 GMT 2025","","","",""
"","7724","Validate Council Output [LincolnCouncil]","","Thu Jan 30 00:53:29 GMT 2025","passed","Thu Jan 30 00:53:37 GMT 2025","","","",""
"","2223","Validate Council Output [KingsLynnandWestNorfolkBC]","","Thu Jan 30 00:46:53 GMT 2025","passed","Thu Jan 30 00:46:55 GMT 2025","","","",""
"","711","Validate Council Output [AdurAndWorthingCouncils]","","Thu Jan 30 00:20:08 GMT 2025","passed","Thu Jan 30 00:20:09 GMT 2025","","","",""
"","856","Validate Council Output [WestLindseyDistrictCouncil]","","Thu Jan 30 01:12:51 GMT 2025","passed","Thu Jan 30 01:12:52 GMT 2025","","","",""
"","2741","Validate Council Output [SouthHamsDistrictCouncil]","","Thu Jan 30 01:01:25 GMT 2025","passed","Thu Jan 30 01:01:27 GMT 2025","","","",""
"","4146","Validate Council Output [AberdeenCityCouncil]","","Thu Jan 30 00:20:04 GMT 2025","passed","Thu Jan 30 00:20:08 GMT 2025","","","",""
"","6984","Validate Council Output [CanterburyCityCouncil]","","Thu Jan 30 00:30:46 GMT 2025","passed","Thu Jan 30 00:30:53 GMT 2025","","","",""
"","586","Validate Council Output [LiverpoolCityCouncil]","","Thu Jan 30 00:53:38 GMT 2025","passed","Thu Jan 30 00:53:38 GMT 2025","","","",""
"","300064","Validate Council Output [EastLindseyDistrictCouncil]","","Thu Jan 30 00:47:29 GMT 2025","failed","Thu Jan 30 00:52:29 GMT 2025","","","",""
"","1877","Validate Council Output [FalkirkCouncil]","","Thu Jan 30 00:41:33 GMT 2025","passed","Thu Jan 30 00:41:35 GMT 2025","","","",""
"","2720","Validate Council Output [HackneyCouncil]","","Thu Jan 30 00:52:22 GMT 2025","failed","Thu Jan 30 00:52:25 GMT 2025","","","",""
"","63532","Validate Council Output [StocktonOnTeesCouncil]","","Thu Jan 30 01:11:32 GMT 2025","passed","Thu Jan 30 01:12:35 GMT 2025","","","",""
"","1036","Validate Council Output [MaldonDistrictCouncil]","","Thu Jan 30 00:52:32 GMT 2025","passed","Thu Jan 30 00:52:33 GMT 2025","","","",""
"","58364","Validate Council Output [LeedsCityCouncil]","","Thu Jan 30 00:52:29 GMT 2025","passed","Thu Jan 30 00:53:28 GMT 2025","","","",""
"","26809","Validate Council Output [EastRidingCouncil]","","Thu Jan 30 00:53:36 GMT 2025","passed","Thu Jan 30 00:54:03 GMT 2025","","","",""
"","2624","Validate Council Output [LancasterCityCouncil]","","Thu Jan 30 00:52:27 GMT 2025","failed","Thu Jan 30 00:52:29 GMT 2025","","","",""
"","706","Validate Council Output [NewarkAndSherwoodDC]","","Thu Jan 30 00:55:41 GMT 2025","passed","Thu Jan 30 00:55:42 GMT 2025","","","",""
"","1648","Validate Council Output [GlasgowCityCouncil]","","Thu Jan 30 00:46:19 GMT 2025","passed","Thu Jan 30 00:46:21 GMT 2025","","","",""
"","5038","Validate Council Output [WaverleyBoroughCouncil]","","Thu Jan 30 01:12:03 GMT 2025","passed","Thu Jan 30 01:12:08 GMT 2025","","","",""
"","1267","Validate Council Output [TonbridgeAndMallingBC]","","Thu Jan 30 01:12:57 GMT 2025","passed","Thu Jan 30 01:12:58 GMT 2025","","","",""
"","120371","Validate Council Output [ExeterCityCouncil]","","Thu Jan 30 00:39:33 GMT 2025","failed","Thu Jan 30 00:41:33 GMT 2025","","","",""
"","308733","Validate Council Output [NorthEastDerbyshireDistrictCouncil]","","Thu Jan 30 00:56:00 GMT 2025","passed","Thu Jan 30 01:01:09 GMT 2025","","","",""
"","1025","Validate Council Output [CrawleyBoroughCouncil]","","Thu Jan 30 00:38:41 GMT 2025","passed","Thu Jan 30 00:38:42 GMT 2025","","","",""
"","695","Validate Council Output [CastlepointDistrictCouncil]","","Thu Jan 30 00:31:02 GMT 2025","failed","Thu Jan 30 00:31:02 GMT 2025","","","",""
"","1765","Validate Council Output [BuryCouncil]","","Thu Jan 30 00:25:44 GMT 2025","passed","Thu Jan 30 00:25:46 GMT 2025","","","",""
"","1328","Validate Council Output [DartfordBoroughCouncil]","","Thu Jan 30 00:44:38 GMT 2025","passed","Thu Jan 30 00:44:40 GMT 2025","","","",""
"","9973","Validate Council Output [LondonBoroughSutton]","","Thu Jan 30 00:52:20 GMT 2025","passed","Thu Jan 30 00:52:30 GMT 2025","","","",""
"","300085","Validate Council Output [ColchesterCityCouncil]","","Thu Jan 30 00:30:10 GMT 2025","failed","Thu Jan 30 00:35:10 GMT 2025","","","",""
"","1507","Validate Council Output [StaffordBoroughCouncil]","","Thu Jan 30 01:06:29 GMT 2025","passed","Thu Jan 30 01:06:30 GMT 2025","","","",""
"","4940","Validate Council Output [BasingstokeCouncil]","","Thu Jan 30 00:39:28 GMT 2025","passed","Thu Jan 30 00:39:33 GMT 2025","","","",""
"","7311","Validate Council Output [BurnleyBoroughCouncil]","","Thu Jan 30 00:25:37 GMT 2025","passed","Thu Jan 30 00:25:44 GMT 2025","","","",""
"","14","Validate Council Output [CheltenhamBoroughCouncil]","","Thu Jan 30 00:37:34 GMT 2025","passed","Thu Jan 30 00:37:34 GMT 2025","","","",""
"","88519","Validate Council Output [HighPeakCouncil]","","Thu Jan 30 00:44:44 GMT 2025","passed","Thu Jan 30 00:46:12 GMT 2025","","","",""
"","1136","Validate Council Output [BrecklandCouncil]","","Thu Jan 30 00:38:08 GMT 2025","passed","Thu Jan 30 00:38:09 GMT 2025","","","",""
"","71819","Validate Council Output [WokinghamBoroughCouncil]","","Thu Jan 30 01:14:21 GMT 2025","passed","Thu Jan 30 01:15:33 GMT 2025","","","",""
"","1802","Validate Council Output [BromsgroveDistrictCouncil]","","Thu Jan 30 00:20:14 GMT 2025","passed","Thu Jan 30 00:20:16 GMT 2025","","","",""
"","1306","Validate Council Output [HighlandCouncil]","","Thu Jan 30 00:44:43 GMT 2025","passed","Thu Jan 30 00:44:44 GMT 2025","","","",""
"","3614","Validate Council Output [AylesburyValeCouncil]","","Thu Jan 30 00:35:36 GMT 2025","passed","Thu Jan 30 00:35:40 GMT 2025","","","",""
"","13450","Validate Council Output [GraveshamBoroughCouncil]","","Thu Jan 30 00:47:06 GMT 2025","passed","Thu Jan 30 00:47:19 GMT 2025","","","",""
"","2238","Validate Council Output [CumberlandCouncil]","","Thu Jan 30 00:38:45 GMT 2025","passed","Thu Jan 30 00:38:47 GMT 2025","","","",""
"","583","Validate Council Output [CannockChaseDistrictCouncil]","","Thu Jan 30 00:30:46 GMT 2025","passed","Thu Jan 30 00:30:46 GMT 2025","","","",""
"","28001","Validate Council Output [PortsmouthCityCouncil]","","Thu Jan 30 00:54:21 GMT 2025","passed","Thu Jan 30 00:54:49 GMT 2025","","","",""
"","1339","Validate Council Output [NorthSomersetCouncil]","","Thu Jan 30 00:54:08 GMT 2025","passed","Thu Jan 30 00:54:10 GMT 2025","","","",""
"","1929","Validate Council Output [HarrogateBoroughCouncil]","","Thu Jan 30 00:53:22 GMT 2025","passed","Thu Jan 30 00:53:24 GMT 2025","","","",""
"","5294","Validate Council Output [WyreCouncil]","","Thu Jan 30 01:15:39 GMT 2025","passed","Thu Jan 30 01:15:44 GMT 2025","","","",""
"","7","Validate Council Output [WyreForestDistrictCouncil]","","Thu Jan 30 01:15:28 GMT 2025","passed","Thu Jan 30 01:15:28 GMT 2025","","","",""
"","34326","Validate Council Output [MidSussexDistrictCouncil]","","Thu Jan 30 00:53:25 GMT 2025","passed","Thu Jan 30 00:53:59 GMT 2025","","","",""
"","10","Validate Council Output [BaberghDistrictCouncil]","","Thu Jan 30 00:35:40 GMT 2025","passed","Thu Jan 30 00:35:40 GMT 2025","","","",""
"","3193","Validate Council Output [DenbighshireCouncil]","","Thu Jan 30 00:44:40 GMT 2025","passed","Thu Jan 30 00:44:43 GMT 2025","","","",""
"","1706","Validate Council Output [PerthAndKinrossCouncil]","","Thu Jan 30 00:54:18 GMT 2025","passed","Thu Jan 30 00:54:20 GMT 2025","","","",""
"","3124","Validate Council Output [SouthTynesideCouncil]","","Thu Jan 30 01:00:53 GMT 2025","passed","Thu Jan 30 01:00:56 GMT 2025","","","",""
"","1190","Validate Council Output [WestMorlandAndFurness]","","Thu Jan 30 01:14:20 GMT 2025","passed","Thu Jan 30 01:14:21 GMT 2025","","","",""
"","21768","Validate Council Output [ConwyCountyBorough]","","Thu Jan 30 00:35:10 GMT 2025","failed","Thu Jan 30 00:35:32 GMT 2025","","","",""
"","9070","Validate Council Output [WandsworthCouncil]","","Thu Jan 30 01:12:41 GMT 2025","passed","Thu Jan 30 01:12:50 GMT 2025","","","",""
"","12528","Validate Council Output [BromleyBoroughCouncil]","","Thu Jan 30 00:20:02 GMT 2025","passed","Thu Jan 30 00:20:14 GMT 2025","","","",""
"","2739","Validate Council Output [MiltonKeynesCityCouncil]","","Thu Jan 30 00:53:59 GMT 2025","passed","Thu Jan 30 00:54:02 GMT 2025","","","",""
"","2257","Validate Council Output [TunbridgeWellsCouncil]","","Thu Jan 30 01:06:38 GMT 2025","passed","Thu Jan 30 01:06:41 GMT 2025","","","",""
"","853","Validate Council Output [CornwallCouncil]","","Thu Jan 30 00:35:33 GMT 2025","passed","Thu Jan 30 00:35:34 GMT 2025","","","",""
"","300055","Validate Council Output [SwaleBoroughCouncil]","","Thu Jan 30 01:01:39 GMT 2025","failed","Thu Jan 30 01:06:39 GMT 2025","","","",""
"","300055","Validate Council Output [BoltonCouncil]","","Thu Jan 30 00:30:36 GMT 2025","failed","Thu Jan 30 00:35:36 GMT 2025","","","",""
"","885","Validate Council Output [EalingCouncil]","","Thu Jan 30 00:44:55 GMT 2025","passed","Thu Jan 30 00:44:55 GMT 2025","","","",""
"","2117","Validate Council Output [WealdenDistrictCouncil]","","Thu Jan 30 01:12:08 GMT 2025","passed","Thu Jan 30 01:12:10 GMT 2025","","","",""
"","1178","Validate Council Output [SalfordCityCouncil]","","Thu Jan 30 01:00:50 GMT 2025","passed","Thu Jan 30 01:00:51 GMT 2025","","","",""
"","1858","Validate Council Output [BedfordshireCouncil]","","Thu Jan 30 00:20:07 GMT 2025","passed","Thu Jan 30 00:20:09 GMT 2025","","","",""
